{
    "Slide 1": {
        "slide_01_img_1.png_1": 3.992595540074325,
        "slide_01_img_4.png_1": 4.831316941473206
    },
    "Slide 2": {
        "мем_1": 0.16031383272769617,
        "сегодня_1": 0.3263545525511815,
        ":eye:_1": 0.3504490983424164,
        "интеллектуально?_1": 1.4143846763008416,
        ":heart:_1": 0.4899158294021619,
        ":heart:_2": 0.745050521971464,
        ":heart:_3": 0.7485862989458962,
        "я_1": 0.21524180274020366,
        "частицы_1": 0.5714595926877919,
        "моей_1": 0.40785614501749096,
        "жизни_1": 0.49668211161637593,
        "очень_1": 0.1383822430452757,
        "плохо_1": 0.3093602382039674,
        "деле_1": 0.31610166797595574,
        ":sob:_1": 0.2940729848210615,
        ":sob:_2": 0.2910875399940963,
        ":sob:_3": 0.35866953240404376,
        "геншин_1": 0.3327076599360363,
        "ничего_1": 0.6970826847205642,
        ":disappointed_relieved:_1": 2.357445545426978,
        "не могу": 0.7219323125167576,
        "не говорить": 0.530431000036803,
        "на самом": 0.6148091308399289,
        "или бсд": 0.38866110196640336,
        "я просто": 0.8431453904213214,
        "не понимаю": 1.3420364353106253,
        "slide_02_img_1.png_1": 2.4538875893909613
    },
    "Slide 3": {
        "РПП_1": 0.37813101234594915,
        "расстройство_1": 0.7682681023024017,
        "пищевого_1": 0.2839949946337138,
        "поведения_1": 0.8588902629601505,
        "психическое_1": 0.943205398794489,
        "отклонение_1": 0.9022483054618389,
        "РПП_2": 0.3356327147401789,
        "плачут_1": 0.3896895488163715,
        "впадают_1": 0.3688513233744422,
        "остановится_1": 1.1838830760598804,
        "не в силах": 0.8405251893660276,
        "с РПП": 0.5691485058568633,
        "в истерику": 0.8664306857829902
    },
    "Slide 4": {
        "прекрасного_1": 0.7797580447062061,
        "счастья_1": 0.5536246537028928,
        "любви_1": 0.42517394864406616,
        "тепла_1": 0.4789738911207491,
        "поддержки!_1": 0.500695984043905,
        "эстетика???_1": 0.978433824139097,
        "slide_04_img_1.png_1": 2.7744472177148034
    },
    "Slide 8": {
        "клубок_1": 0.35845617327247903,
        "мыслей_1": 0.7119883972191705,
        "замок_1": 0.7101356822795711,
        "сковывающий_1": 1.296554765025221,
        "Замок_1": 0.3125718584246554,
        "открытой_1": 0.4082647619275868,
        "ладонью_1": 0.5219750311030112,
        "ключ_1": 0.5361712601329088,
        "близким_1": 0.49428168348148216,
        "людям_1": 0.6357239425172234,
        "замок_2": 0.14511387479283777,
        "из собственных": 1.0233652833392353
    },
    "Slide 9": {
        "беспорядок_1": 1.0484033921344178,
        "голове_1": 0.4630807093338765,
        "метафорой_1": 0.7798235626117088,
        "замку_1": 0.5763497653633358,
        "ключ_1": 0.43868909134226247,
        "в моей_1": 0.23089897971163606,
        "в моей_2": 0.5149937958407945,
        "надо мной": 0.7227550900577254,
        "как клубок": 0.8954296291745188,
        "что я": 0.5098918536839098,
        "Мой замок": 0.8713313027944257,
        "моя замкнутость": 0.78074031906009,
        "и недоверие": 0.8921362932267138
    },
    "Slide 10": {
        "клубок_1": 0.5323082822490519,
        "мыслей_1": 0.45931168416720064,
        "клубок_2": 0.521593933064414,
        "Замок_1": 0.3429134946787484,
        "замкнутость_1": 0.8329197799869021,
        "замку_1": 0.2343699466351927,
        "ключ_1": 0.32825751888274673,
        "в голове": 0.5135649028813151,
        "их беспорядочность": 1.1471541079347622,
        "и недоверие": 0.7080569430180165
    },
    "Slide 11": {
        "slide_11_img_1.png_1": 3.1568416299063915,
        "slide_11_img_3.png_1": 1.6757295143837594
    },
    "Slide 12": {
        "современных_1": 0.7906218280936662,
        "школьников_1": 0.44740964799783867,
        "ребёнок_1": 0.5248522398021345,
        "— детям": 0.2722512202675872
    },
    "Slide 13": {
        "агрессивна_1": 1.0680876039969127,
        "враждебным_1": 0.7838084376838431,
        "Подросткам_1": 0.6397618669639498,
        "избавиться_1": 0.6618256052780849,
        "этого_1": 0.37147917310871353,
        "мира_2": 0.37924210180931095,
        "проблем_1": 0.5285860122253069,
        "от оков": 0.2514281396914754,
        "к мыслям": 0.47640253004878746,
        "о смерти": 0.6074670933156798,
        "от настигающих": 0.5250780980527296
    },
    "Slide 14": {
        "современных_1": 0.8030881301891208,
        "детей_1": 0.43163252318946965,
        "детей_2": 0.34607185035092164,
        "подростков_1": 0.7841503324263404,
        "ребятам_1": 0.439043850526649
    },
    "Slide 16": {
        "Подросткам_1": 1.1104778162044922,
        "непониманием_1": 0.91605129618903,
        "мира_1": 0.22738520536226522,
        "вокруг_1": 0.3576410845012016,
        "дети_1": 0.2411903683933557,
        "сенситивны_1": 1.1972042039266098,
        "поддержка_1": 0.6994095600606428,
        "и_2": 0.0471321636847586,
        "понимание_1": 0.8801026274675712,
        "Дети_1": 0.3952459533557629,
        "тепла_1": 0.5118565030953801,
        "доброты_1": 0.133484074383204,
        "отношении_1": 0.33097920444706547,
        "ребёнок_1": 0.21640781226939884,
        "тесные_1": 0.37885389855019513,
        "объятия_1": 0.5246418619050689,
        "и_6": 0.0,
        "контакт_1": 0.7055054082344533,
        "с одиночеством": 1.5791020062681425,
        "их любовь": 0.4878931934306864,
        "В сенсорном": 0.8432008252029682,
        "и непониманием": 1.0868392319853686,
        "и доброты": 0.8546073156725701,
        "и тактильны": 0.8486700721375503
    },
    "Slide 17": {
        "Ребенок_1": 0.26798800709994075,
        "страдает_1": 0.3496192114986096,
        "ему_1": 0.214913301990968,
        "особенно_1": 0.12522526010772028,
        "плохо_1": 0.19249442028474884,
        "от этого_1": 0.44549720499516826,
        "от этого_2": 0.3550172345839638
    },
    "Slide 18": {
        "ПРЛ_1": 0.277092477587641,
        "расстройством_1": 1.1560796292424602,
        "личности_1": 0.7533311654813747,
        "детей_2": 0.15208991401558583,
        "антидепрессанты_1": 0.7570716809479244,
        "препараты_1": 0.6276927562538038,
        "помощь_1": 0.29285091540253777,
        "любовь_1": 0.34457456282170285,
        "у детей": 0.42423427841132844,
        "с пограничным": 0.5383731241226607,
        "«в больничку»": 0.725256950531333,
        "с ПРЛ": 0.4152753341960964,
        "и поддержка": 0.5786090712750638,
        "и тепло": 0.4521641033622352
    },
    "Slide 19": {
        "интеллект_1": 1.716954974276685,
        "усталость_1": 1.8370743974851433,
        "жизнь_1": 1.1728586779372887,
        "красота_1": 1.4534258807061706,
        "тревога_1": 1.358810537498319,
        "непонимание_1": 1.5533717695771405,
        "думать_1": 0.8736938705228058,
        "любовь_1": 0.6883798114888109,
        "личность_1": 0.7508770569313906,
        "скованность_1": 0.6337956700809108
    },
    "Slide 20": {
        "всё_1": 0.45873108503695287,
        "страх_1": 0.8850366126478355,
        "избавление_1": 1.268072872645442,
        "суицид_1": 0.6330873411961216,
        "жизнь_1": 0.25511948091118347,
        "смерть_1": 0.19261524631121868,
        "чувствовать_1": 1.1528569283681018,
        "плохо_1": 0.5916820580071417,
        "дом_1": 0.5086174810388691,
        "человек_1": 1.2392183378456494,
        "сильно_1": 0.9017171682037756,
        "эстетика_1": 0.9529935217728581,
        "одиночество_1": 1.9730510214021673,
        "не люблю людей_1": 1.8886894522669022
    },
    "Slide 21": {
        "люди_1": 0.21287351211695338,
        "один_1": 0.4497045517414391,
        "надеяться_1": 1.1784934725082938,
        "штиль_1": 0.35379890217870963,
        "красота_1": 0.4330790157887552
    },
    "Slide 7": {
        "slide_07_img_1.png_1": 6.467255387960149
    }
}