{
    "Slide 1": {
        "slide_01_img_1.png_1": 4.422860422248701,
        "slide_01_img_4.png_1": 2.6463923722964924
    },
    "Slide 2": {
        "мем_1": 0.15850836625043832,
        "сегодня_1": 0.36001175722204126,
        ":eye:_1": 0.310632694015031,
        "slide_02_img_1.png_1": 2.179496764870034,
        "интеллектуально?_1": 1.0684006869669291,
        ":heart:_1": 0.3716282820672038,
        ":heart:_2": 0.6295088709981267,
        ":heart:_3": 0.6144009953971735,
        "я_1": 0.13375688781969652,
        "частицы_1": 0.4496919478852019,
        "моей_1": 0.3237945570550525,
        "жизни_1": 0.4137317629194752,
        "очень_1": 0.16381566136569076,
        "плохо_1": 0.35390086212872807,
        "деле_1": 0.2661723641465974,
        ":sob:_1": 0.3154057394762462,
        ":sob:_2": 0.31608684244643226,
        ":sob:_3": 0.32551551139204515,
        "геншин_1": 0.272344543723493,
        "ничего_1": 0.3795080491541198,
        ":disappointed_relieved:_1": 1.2920575261035177,
        "не могу": 0.5085498237703079,
        "не говорить": 0.5463456770790959,
        "на самом": 0.5626052032965633,
        "или бсд": 0.4839528779761928,
        "я просто": 0.5466565991557802,
        "не понимаю": 0.57691994153472
    },
    "Slide 3": {
        "РПП_1": 0.32325910923088647,
        "расстройство_1": 0.7390011200111568,
        "пищевого_1": 0.37487199366612667,
        "поведения_1": 0.6941141822485637,
        "психическое_1": 0.7382533978135187,
        "отклонение_1": 0.7653115122102259,
        "РПП_2": 0.2716118718616784,
        "плачут_1": 0.27334313824069223,
        "впадают_1": 0.31475832157931355,
        "остановится_1": 0.7161843046505291,
        "не в силах": 0.4155966263726879,
        "с РПП": 0.37764046691014175,
        "в истерику": 0.5157650157283753
    },
    "Slide 4": {
        "прекрасного_1": 0.6585242995693561,
        "счастья_1": 0.40494300755787144,
        "любви_1": 0.34379531374099254,
        "тепла_1": 0.44159800514905273,
        "поддержки!_1": 0.3860300494685253,
        "эстетика???_1": 0.8704353329719309,
        "slide_04_img_1.png_1": 1.876252910728158
    },
    "Slide 7": {
        "slide_07_img_1.png_1": 4.7679592668462565
    },
    "Slide 8": {
        "клубок_1": 0.36101975898508254,
        "мыслей_1": 0.5338485671711973,
        "замок_1": 0.43889022639810304,
        "сковывающий_1": 0.9012098881169652,
        "Замок_1": 0.2877011311770491,
        "открытой_1": 0.35578081935950323,
        "ладонью_1": 0.4252891959379828,
        "ключ_1": 0.35055818196881067,
        "близким_1": 0.459987492464468,
        "людям_1": 0.36433605289435606,
        "замок_2": 0.14227533027295491,
        "из собственных": 0.7068071799706104
    },
    "Slide 9": {
        "беспорядок_1": 0.7364011383279796,
        "голове_1": 0.48764234800533846,
        "метафорой_1": 0.5847517352228195,
        "замку_1": 0.3453675959425626,
        "ключ_1": 0.2606538650595504,
        "в моей_1": 0.16891019475328808,
        "в моей_2": 0.48381466865157563,
        "надо мной": 0.629030371156577,
        "как клубок": 0.8515434676872329,
        "что я": 0.45587389682760027,
        "Мой замок": 0.6572586044927144,
        "моя замкнутость": 0.6366667359504935,
        "и недоверие": 0.5208997596060112
    },
    "Slide 10": {
        "клубок_1": 0.4370007146116333,
        "мыслей_1": 0.4451625235835941,
        "клубок_2": 0.47883196625727464,
        "Замок_1": 0.27470362209690846,
        "замкнутость_1": 0.6838714089192534,
        "замку_1": 0.16255019342035634,
        "ключ_1": 0.21508383892197738,
        "в голове": 0.5322563406223191,
        "их беспорядочность": 0.926685098052358,
        "и недоверие": 0.6397629917249229
    },
    "Slide 11": {
        "slide_11_img_1.png_1": 2.008560860473284,
        "slide_11_img_3.png_1": 1.0685099662409194
    },
    "Slide 12": {
        "современных_1": 0.5676002412656391,
        "школьников_1": 0.5286529449001245,
        "ребёнок_1": 0.38683686616693325,
        "— детям": 0.23623584632881106
    },
    "Slide 13": {
        "агрессивна_1": 0.8061457896708787,
        "враждебным_1": 0.5986639217838412,
        "Подросткам_1": 0.48642570903897026,
        "избавиться_1": 0.6276713859838984,
        "этого_1": 0.3146441316751151,
        "мира_2": 0.26794970467591245,
        "проблем_1": 0.322576702544008,
        "от оков": 0.2173038738297495,
        "к мыслям": 0.44846743192118266,
        "о смерти": 0.4687417563420017,
        "от настигающих": 0.5945157442887306
    },
    "Slide 14": {
        "современных_1": 0.6434458497754724,
        "детей_1": 0.3849010963522908,
        "детей_2": 0.28558325281952807,
        "подростков_1": 0.6514615939670394,
        "ребятам_1": 0.3601200741952185
    },
    "Slide 16": {
        "Подросткам_1": 0.6153233156886322,
        "мира_1": 0.2452104996433804,
        "вокруг_1": 0.34979156426888613,
        "дети_1": 0.2224332503475522,
        "сенситивны_1": 0.795811960183585,
        "поддержка_1": 0.544046153217698,
        "понимание_1": 0.6083993010507639,
        "Дети_1": 0.2933687403183853,
        "тепла_1": 0.2670917574079644,
        "отношении_1": 0.3566819689434689,
        "ребёнок_1": 0.18843695177145814,
        "тесные_1": 0.268425876322038,
        "объятия_1": 0.3304142879848404,
        "контакт_1": 0.37795940401861516,
        "с одиночеством": 1.0498331962201635,
        "и непониманием": 0.7912695929959754,
        "их любовь": 0.35790895805220874,
        "и доброты": 0.4319627079490623,
        "В сенсорном": 0.5793417729207591,
        "и тактильны": 0.5156709436108426,
        "непониманием_1": 1.160494570778484,
        "и_2": 0.02746300948763804,
        "доброты_1": 0.6607062580825871,
        "и_6": 0.06887171676441353
    },
    "Slide 17": {
        "Ребенок_1": 0.252861040358244,
        "страдает_1": 0.30714643583411466,
        "ему_1": 0.1638013626390134,
        "особенно_1": 0.18285592227516143,
        "плохо_1": 0.19435652043250679,
        "от этого_1": 0.4032994960326817,
        "от этого_2": 0.23692331107156592
    },
    "Slide 18": {
        "ПРЛ_1": 0.18093772748279896,
        "диагнозов_1": 0.554049567697318,
        "расстройством_1": 0.7403837966891004,
        "личности_1": 0.6405670395442992,
        "детей_2": 0.1891272757148956,
        "антидепрессанты_1": 0.8005905597646567,
        "препараты_1": 0.48301101118938994,
        "помощь_1": 0.2492180119368735,
        "любовь_1": 0.25756328130194256,
        "у детей": 0.44233635069123745,
        "с пограничным": 0.683101111991937,
        "«в больничку»": 0.6236344190097021,
        "с ПРЛ": 0.31741471594954956,
        "и поддержка": 0.4594620307753957,
        "и тепло": 0.36838594293972693
    },
    "Slide 19": {
        "интеллект_1": 1.6283361205340798,
        "усталость_1": 1.4606539899212687,
        "жизнь_1": 0.9338357354070348,
        "красота_1": 1.0514632248439009,
        "тревога_1": 1.2335838648878992,
        "непонимание_1": 1.2459881101303207,
        "думать_1": 0.8702273485517974,
        "любовь_1": 0.6479401755529682,
        "личность_1": 0.761518640108575,
        "скованность_1": 0.6460710747119918
    },
    "Slide 20": {
        "не люблю людей_1": 1.5478234818374563,
        "всё_1": 0.5166287493575439,
        "страх_1": 0.8693043439739537,
        "избавление_1": 1.1874743163955925,
        "суицид_1": 0.7088918578386485,
        "жизнь_1": 0.3803389503994695,
        "смерть_1": 0.4413698174111835,
        "чувствовать_1": 1.2029234788804855,
        "плохо_1": 0.7060222836612743,
        "дом_1": 0.5379956929477804,
        "человек_1": 1.1784871709420195,
        "сильно_1": 0.9791186889204551,
        "эстетика_1": 1.2090868591559683,
        "одиночество_1": 1.501862509516055
    },
    "Slide 21": {
        "люди_1": 0.2864808937270484,
        "один_1": 0.45975823404408234,
        "надеяться_1": 1.0059945921942848,
        "штиль_1": 0.5993001771982998,